Fecha_Registro,Hora_Registro,Nombre,Apellido,Email,Password
2/22/2026, 7:02:38 PM,Luis,Lopez,qa_1771797758325@gmail.com,Pass_1771797758326#*
2/22/2026, 7:02:53 PM,Pedro,Fernandez,qa_1771797773961@gmail.com,Pass_1771797773961)!
2/23/2026, 9:32:26 AM,Maria,Sanchez,qa_1771849946514@gmail.com,Pass_1771849946514#)
2/23/2026, 9:32:26 AM,Elena,Lopez,qa_1771849946531@gmail.com,Pass_1771849946531)&
2/23/2026, 9:32:26 AM,Maria,Garcia,qa_1771849946655@gmail.com,Pass_1771849946655*!
2/23/2026, 9:32:43 AM,Luis,Hernandez,qa_1771849963630@gmail.com,Pass_1771849963630^$
2/23/2026, 9:32:49 AM,Lucia,Martinez,qa_1771849969794@gmail.com,Pass_1771849969794+^
2/23/2026, 9:32:56 AM,Maria,Martinez,qa_1771849976832@gmail.com,Pass_1771849976832+(
2/23/2026, 9:33:08 AM,Pedro,Martinez,qa_1771849988362@gmail.com,Pass_1771849988363@^
2/23/2026, 9:33:11 AM,Carlos,Fernandez,qa_1771849991188@gmail.com,Pass_1771849991188)#
2/23/2026, 9:33:22 AM,Luis,Perez,qa_1771850002027@gmail.com,Pass_1771850002027^(
2/23/2026, 9:33:25 AM,Maria,Sanchez,qa_1771850005599@gmail.com,Pass_1771850005599)_
2/23/2026, 9:33:48 AM,Elena,Martinez,qa_1771850028194@gmail.com,Pass_1771850028194%%
2/23/2026, 9:38:00 AM,Ana,Martinez,qa_1771850280802@gmail.com,Pass_1771850280802+)
2/23/2026, 9:38:00 AM,Juan,Martinez,qa_1771850280803@gmail.com,Pass_1771850280803(!
2/23/2026, 9:38:00 AM,Pedro,Ramirez,qa_1771850280800@gmail.com,Pass_1771850280800@)
2/23/2026, 9:38:13 AM,Sofia,Garcia,qa_1771850293200@gmail.com,Pass_1771850293200&^
2/23/2026, 9:38:16 AM,Maria,Sanchez,qa_1771850296932@gmail.com,Pass_1771850296932()
2/23/2026, 9:38:23 AM,Juan,Sanchez,qa_1771850303655@gmail.com,Pass_1771850303655^@
2/23/2026, 9:38:35 AM,Maria,Lopez,qa_1771850315005@gmail.com,Pass_1771850315005^$
2/23/2026, 9:38:47 AM,Carlos,Gonzalez,qa_1771850327448@gmail.com,Pass_1771850327448)&
2/23/2026, 9:38:48 AM,Carlos,Martinez,qa_1771850328617@gmail.com,Pass_1771850328617^%
2/23/2026, 9:38:52 AM,Sofia,Perez,qa_1771850332260@gmail.com,Pass_1771850332260#$
2/23/2026, 9:39:02 AM,Diego,Perez,qa_1771850342173@gmail.com,Pass_1771850342174$#
2/23/2026, 9:39:07 AM,Maria,Ramirez,qa_1771850347852@gmail.com,Pass_1771850347852#@
2/23/2026, 9:39:14 AM,Pedro,Sanchez,qa_1771850354820@gmail.com,Pass_1771850354820&&
2/23/2026, 9:39:21 AM,Sofia,Ramirez,qa_1771850361460@gmail.com,Pass_1771850361460*&
2/23/2026, 9:39:40 AM,Sofia,Perez,qa_1771850380425@gmail.com,Pass_1771850380425_&
2/23/2026, 9:39:46 AM,Lucia,Fernandez,qa_1771850386957@gmail.com,Pass_1771850386957*#
2/23/2026, 9:39:53 AM,Ana,Gonzalez,qa_1771850393772@gmail.com,Pass_1771850393772@)
2/23/2026, 9:40:14 AM,Elena,Martinez,qa_1771850414749@gmail.com,Pass_1771850414749^+
2/23/2026, 9:40:21 AM,Carlos,Rodriguez,qa_1771850421552@gmail.com,Pass_1771850421552$%
2/23/2026, 9:40:28 AM,Lucia,Lopez,qa_1771850428299@gmail.com,Pass_1771850428299^*
2/23/2026, 9:40:49 AM,Pedro,Martinez,qa_1771850449451@gmail.com,Pass_1771850449451&%
2/23/2026, 9:40:56 AM,Pedro,Hernandez,qa_1771850456120@gmail.com,Pass_1771850456120##
2/23/2026, 9:41:00 AM,Diego,Rodriguez,qa_1771850460722@gmail.com,Pass_1771850460722&^
2/23/2026, 9:41:18 AM,Maria,Garcia,qa_1771850478866@gmail.com,Pass_1771850478866!$
2/23/2026, 9:41:25 AM,Diego,Hernandez,qa_1771850485584@gmail.com,Pass_1771850485584%_
2/23/2026, 9:41:36 AM,Lucia,Gonzalez,qa_1771850496290@gmail.com,Pass_1771850496290^_
2/23/2026, 9:41:53 AM,Maria,Perez,qa_1771850513323@gmail.com,Pass_1771850513323&!
2/23/2026, 9:41:59 AM,Juan,Lopez,qa_1771850519525@gmail.com,Pass_1771850519525($
2/23/2026, 9:42:09 AM,Ana,Martinez,qa_1771850529409@gmail.com,Pass_1771850529409&#
2/23/2026, 9:42:27 AM,Elena,Martinez,qa_1771850547954@gmail.com,Pass_1771850547954(+
2/23/2026, 9:42:34 AM,Juan,Garcia,qa_1771850554066@gmail.com,Pass_1771850554066&^
2/23/2026, 9:42:42 AM,Pedro,Hernandez,qa_1771850562778@gmail.com,Pass_1771850562778_@
2/23/2026, 9:43:01 AM,Juan,Rodriguez,qa_1771850581805@gmail.com,Pass_1771850581805*(
2/23/2026, 9:43:08 AM,Pedro,Hernandez,qa_1771850588055@gmail.com,Pass_1771850588055!$
2/23/2026, 9:43:17 AM,Elena,Martinez,qa_1771850597335@gmail.com,Pass_1771850597335!+
2/23/2026, 9:43:20 AM,Juan,Hernandez,qa_1771850600835@gmail.com,Pass_1771850600835%+
2/23/2026, 9:43:34 AM,Lucia,Hernandez,qa_1771850614114@gmail.com,Pass_1771850614115+@
2/23/2026, 9:43:36 AM,Maria,Ramirez,qa_1771850616081@gmail.com,Pass_1771850616081($
2/23/2026, 9:43:52 AM,Elena,Sanchez,qa_1771850632123@gmail.com,Pass_1771850632123&#
2/23/2026, 9:44:02 AM,Pedro,Gonzalez,qa_1771850642039@gmail.com,Pass_1771850642040))
2/23/2026, 9:44:08 AM,Juan,Ramirez,qa_1771850648748@gmail.com,Pass_1771850648748+)
2/23/2026, 9:44:12 AM,Juan,Ramirez,qa_1771850652078@gmail.com,Pass_1771850652078$)
2/23/2026, 9:44:18 AM,Carlos,Gonzalez,qa_1771850658762@gmail.com,Pass_1771850658762*(
2/23/2026, 9:44:20 AM,Diego,Martinez,qa_1771850660164@gmail.com,Pass_1771850660164!#
2/23/2026, 9:44:43 AM,Sofia,Hernandez,qa_1771850683270@gmail.com,Pass_1771850683270@!
2/23/2026, 9:44:56 AM,Sofia,Ramirez,qa_1771850696429@gmail.com,Pass_1771850696429!(
2/23/2026, 9:44:58 AM,Ana,Lopez,qa_1771850698184@gmail.com,Pass_1771850698184&%
2/23/2026, 9:45:17 AM,Pedro,Ramirez,qa_1771850717346@gmail.com,Pass_1771850717346_@
2/23/2026, 9:45:32 AM,Maria,Rodriguez,qa_1771850732057@gmail.com,Pass_1771850732057##
2/23/2026, 9:45:34 AM,Sofia,Sanchez,qa_1771850734700@gmail.com,Pass_1771850734700$&
2/23/2026, 9:45:54 AM,Elena,Gonzalez,qa_1771850754945@gmail.com,Pass_1771850754945$%
2/23/2026, 9:46:10 AM,Lucia,Gonzalez,qa_1771850770556@gmail.com,Pass_1771850770556#^
2/23/2026, 9:46:13 AM,Juan,Sanchez,qa_1771850773151@gmail.com,Pass_1771850773151)*
2/23/2026, 9:46:45 AM,Pedro,Fernandez,qa_1771850805087@gmail.com,Pass_1771850805087$$
2/23/2026, 9:46:48 AM,Juan,Lopez,qa_1771850808587@gmail.com,Pass_1771850808588++
2/23/2026, 9:47:19 AM,Sofia,Garcia,qa_1771850839244@gmail.com,Pass_1771850839244(*
2/23/2026, 9:47:23 AM,Sofia,Rodriguez,qa_1771850843069@gmail.com,Pass_1771850843069^!
2/23/2026, 10:01:59 AM,Maria,Gonzalez,qa_1771851719107@gmail.com,Pass_1771851719107)_
2/23/2026, 10:01:59 AM,Pedro,Garcia,qa_1771851719121@gmail.com,Pass_1771851719121*@
2/23/2026, 10:01:59 AM,Pedro,Hernandez,qa_1771851719114@gmail.com,Pass_1771851719115*_
2/23/2026, 10:02:34 AM,Elena,Ramirez,qa_1771851754988@gmail.com,Pass_1771851754988^&
2/23/2026, 10:02:35 AM,Elena,Hernandez,qa_1771851755002@gmail.com,Pass_1771851755002#+
2/23/2026, 10:02:35 AM,Luis,Gonzalez,qa_1771851755054@gmail.com,Pass_1771851755055##
2/23/2026, 10:03:12 AM,Lucia,Rodriguez,qa_1771851792341@gmail.com,Pass_1771851792341!&
2/23/2026, 10:03:12 AM,Luis,Lopez,qa_1771851792341@gmail.com,Pass_1771851792341@^
2/23/2026, 10:03:12 AM,Pedro,Sanchez,qa_1771851792435@gmail.com,Pass_1771851792435&^
2/23/2026, 10:03:22 AM,Maria,Martinez,qa_1771851802929@gmail.com,Pass_1771851802929&(
2/23/2026, 10:03:44 AM,Luis,Gonzalez,qa_1771851824562@gmail.com,Pass_1771851824562^@
2/23/2026, 10:03:47 AM,Sofia,Rodriguez,qa_1771851827657@gmail.com,Pass_1771851827657(+
2/23/2026, 10:03:47 AM,Diego,Perez,qa_1771851827907@gmail.com,Pass_1771851827907&%
2/23/2026, 10:03:56 AM,Pedro,Fernandez,qa_1771851836574@gmail.com,Pass_1771851836574#@
2/23/2026, 10:04:19 AM,Luis,Martinez,qa_1771851859481@gmail.com,Pass_1771851859481$^
2/23/2026, 10:04:28 AM,Pedro,Gonzalez,qa_1771851868792@gmail.com,Pass_1771851868793$%
2/23/2026, 10:04:32 AM,Pedro,Martinez,qa_1771851872067@gmail.com,Pass_1771851872067$#
2/23/2026, 10:04:52 AM,Ana,Perez,qa_1771851892646@gmail.com,Pass_1771851892646_+
2/23/2026, 10:05:02 AM,Carlos,Lopez,qa_1771851902372@gmail.com,Pass_1771851902372@+
2/23/2026, 10:05:08 AM,Maria,Lopez,qa_1771851908910@gmail.com,Pass_1771851908910$+
2/23/2026, 10:05:26 AM,Maria,Fernandez,qa_1771851926356@gmail.com,Pass_1771851926356_)
2/23/2026, 10:05:36 AM,Lucia,Gonzalez,qa_1771851936251@gmail.com,Pass_1771851936251_!
2/23/2026, 10:05:42 AM,Juan,Ramirez,qa_1771851942033@gmail.com,Pass_1771851942033+(
2/23/2026, 10:06:00 AM,Pedro,Perez,qa_1771851960507@gmail.com,Pass_1771851960508#&
2/23/2026, 10:06:10 AM,Lucia,Rodriguez,qa_1771851970287@gmail.com,Pass_1771851970288&%
2/23/2026, 10:06:15 AM,Juan,Fernandez,qa_1771851975981@gmail.com,Pass_1771851975981%)
2/23/2026, 10:06:24 AM,Maria,Ramirez,qa_1771851984986@gmail.com,Pass_1771851984986_^
2/23/2026, 10:06:33 AM,Sofia,Fernandez,qa_1771851993463@gmail.com,Pass_1771851993463^%
2/23/2026, 10:06:46 AM,Maria,Martinez,qa_1771852006798@gmail.com,Pass_1771852006798)%
2/23/2026, 10:07:01 AM,Luis,Sanchez,qa_1771852021981@gmail.com,Pass_1771852021981$!
2/23/2026, 10:07:10 AM,Ana,Fernandez,qa_1771852030412@gmail.com,Pass_1771852030412(*
2/23/2026, 10:07:23 AM,Ana,Ramirez,qa_1771852043348@gmail.com,Pass_1771852043348&^
2/23/2026, 10:07:36 AM,Lucia,Hernandez,qa_1771852056453@gmail.com,Pass_1771852056453^@
2/23/2026, 10:07:44 AM,Juan,Perez,qa_1771852064380@gmail.com,Pass_1771852064380%&
2/23/2026, 10:07:57 AM,Diego,Garcia,qa_1771852077308@gmail.com,Pass_1771852077309^^
2/23/2026, 10:08:10 AM,Elena,Rodriguez,qa_1771852090550@gmail.com,Pass_1771852090550&&
2/23/2026, 10:08:31 AM,Maria,Ramirez,qa_1771852111443@gmail.com,Pass_1771852111443@%
2/23/2026, 10:08:44 AM,Pedro,Lopez,qa_1771852124584@gmail.com,Pass_1771852124584%*
2/23/2026, 10:09:05 AM,Elena,Sanchez,qa_1771852145722@gmail.com,Pass_1771852145722^*
2/23/2026, 10:09:18 AM,Juan,Sanchez,qa_1771852158952@gmail.com,Pass_1771852158952%(
2/23/2026, 10:13:20 AM,Elena,Rodriguez,qa_1771852400511@gmail.com,Pass_1771852400511_$
2/23/2026, 10:13:21 AM,Lucia,Martinez,qa_1771852401026@gmail.com,Pass_1771852401026&*
2/23/2026, 10:13:21 AM,Pedro,Rodriguez,qa_1771852401079@gmail.com,Pass_1771852401079*)
2/23/2026, 10:13:33 AM,Elena,Martinez,qa_1771852413052@gmail.com,Pass_1771852413052@%
2/23/2026, 10:13:37 AM,Elena,Martinez,qa_1771852417014@gmail.com,Pass_1771852417014%(
2/23/2026, 10:13:44 AM,Maria,Sanchez,qa_1771852424472@gmail.com,Pass_1771852424472^!
2/23/2026, 10:13:56 AM,Lucia,Martinez,qa_1771852436500@gmail.com,Pass_1771852436500!%
2/23/2026, 10:14:03 AM,Ana,Hernandez,qa_1771852443717@gmail.com,Pass_1771852443717)%
2/23/2026, 10:14:10 AM,Pedro,Martinez,qa_1771852450890@gmail.com,Pass_1771852450890_%
2/23/2026, 10:14:10 AM,Carlos,Perez,qa_1771852450974@gmail.com,Pass_1771852450974__
2/23/2026, 10:14:37 AM,Juan,Fernandez,qa_1771852477234@gmail.com,Pass_1771852477234##
2/23/2026, 10:18:07 AM,Lucia,Sanchez,qa_1771852687382@gmail.com,Pass_1771852687382#)
2/23/2026, 10:18:07 AM,Carlos,Ramirez,qa_1771852687613@gmail.com,Pass_1771852687613%&
2/23/2026, 10:18:07 AM,Sofia,Garcia,qa_1771852687748@gmail.com,Pass_1771852687748^(
2/23/2026, 10:18:20 AM,Elena,Ramirez,qa_1771852700722@gmail.com,Pass_1771852700722%(
2/23/2026, 10:18:25 AM,Pedro,Hernandez,qa_1771852705460@gmail.com,Pass_1771852705460!&
2/23/2026, 10:18:30 AM,Sofia,Perez,qa_1771852710908@gmail.com,Pass_1771852710908()
2/23/2026, 10:18:45 AM,Ana,Gonzalez,qa_1771852725779@gmail.com,Pass_1771852725780&*
2/23/2026, 10:18:51 AM,Ana,Perez,qa_1771852731004@gmail.com,Pass_1771852731004#@
2/23/2026, 10:19:01 AM,Maria,Perez,qa_1771852741198@gmail.com,Pass_1771852741198*@
2/23/2026, 10:19:01 AM,Maria,Garcia,qa_1771852741870@gmail.com,Pass_1771852741870)!
2/23/2026, 10:19:24 AM,Elena,Hernandez,qa_1771852764357@gmail.com,Pass_1771852764357%#
2/23/2026, 10:30:01 AM,Ana,Fernandez,qa_1771853401552@gmail.com,Pass_1771853401552##
2/23/2026, 10:30:01 AM,Carlos,Rodriguez,qa_1771853401966@gmail.com,Pass_1771853401966_%
2/23/2026, 10:30:02 AM,Lucia,Fernandez,qa_1771853402571@gmail.com,Pass_1771853402571*_
2/23/2026, 10:30:22 AM,Juan,Lopez,qa_1771853422314@gmail.com,Pass_1771853422315_^
2/23/2026, 10:30:23 AM,Elena,Garcia,qa_1771853423374@gmail.com,Pass_1771853423374@)
2/23/2026, 10:30:54 AM,Elena,Sanchez,qa_1771853454939@gmail.com,Pass_1771853454939!_
2/23/2026, 10:31:01 AM,Ana,Sanchez,qa_1771853461021@gmail.com,Pass_1771853461021+&
2/23/2026, 10:31:07 AM,Diego,Sanchez,qa_1771853464545@gmail.com,Pass_1771853464545_!
2/23/2026, 10:31:34 AM,Pedro,Lopez,qa_1771853494176@gmail.com,Pass_1771853494176#%
2/23/2026, 10:31:44 AM,Elena,Perez,qa_1771853504055@gmail.com,Pass_1771853504055!$
2/23/2026, 10:31:50 AM,Luis,Garcia,qa_1771853510089@gmail.com,Pass_1771853510089$)
2/23/2026, 10:31:53 AM,Juan,Martinez,qa_1771853513313@gmail.com,Pass_1771853513313&%
2/23/2026, 10:32:23 AM,Ana,Ramirez,qa_1771853543758@gmail.com,Pass_1771853543758$+
2/23/2026, 10:32:25 AM,Carlos,Rodriguez,qa_1771853545218@gmail.com,Pass_1771853545219@@
2/23/2026, 10:32:32 AM,Pedro,Lopez,qa_1771853552437@gmail.com,Pass_1771853552437^*
2/23/2026, 10:32:34 AM,Diego,Hernandez,qa_1771853554949@gmail.com,Pass_1771853554949((
2/23/2026, 10:32:50 AM,Luis,Lopez,qa_1771853570819@gmail.com,Pass_1771853570819&$
2/23/2026, 10:33:05 AM,Elena,Rodriguez,qa_1771853585445@gmail.com,Pass_1771853585445&$
2/23/2026, 10:33:13 AM,Pedro,Hernandez,qa_1771853593326@gmail.com,Pass_1771853593326%@
2/23/2026, 10:33:29 AM,Pedro,Fernandez,qa_1771853609467@gmail.com,Pass_1771853609467(%
2/23/2026, 10:33:44 AM,Ana,Hernandez,qa_1771853624518@gmail.com,Pass_1771853624518^)
2/23/2026, 10:33:54 AM,Lucia,Lopez,qa_1771853634995@gmail.com,Pass_1771853634995#@
2/23/2026, 10:34:10 AM,Elena,Lopez,qa_1771853650428@gmail.com,Pass_1771853650428($
2/23/2026, 10:34:12 AM,Lucia,Martinez,qa_1771853652232@gmail.com,Pass_1771853652232()
2/23/2026, 10:34:15 AM,Ana,Ramirez,qa_1771853655194@gmail.com,Pass_1771853655195^&
2/23/2026, 10:34:17 AM,Pedro,Martinez,qa_1771853657587@gmail.com,Pass_1771853657587#^
2/23/2026, 10:34:23 AM,Juan,Garcia,qa_1771853663541@gmail.com,Pass_1771853663541!#
2/23/2026, 10:34:24 AM,Lucia,Martinez,qa_1771853664062@gmail.com,Pass_1771853664062_#
2/23/2026, 10:34:24 AM,Carlos,Perez,qa_1771853664171@gmail.com,Pass_1771853664171)%
2/23/2026, 10:35:00 AM,Carlos,Martinez,qa_1771853700066@gmail.com,Pass_1771853700066_)
2/23/2026, 10:35:00 AM,Sofia,Gonzalez,qa_1771853700062@gmail.com,Pass_1771853700062#^
2/23/2026, 10:35:00 AM,Carlos,Rodriguez,qa_1771853700824@gmail.com,Pass_1771853700824#@
2/23/2026, 10:35:22 AM,Pedro,Lopez,qa_1771853722582@gmail.com,Pass_1771853722582$$
2/23/2026, 10:35:26 AM,Sofia,Martinez,qa_1771853726750@gmail.com,Pass_1771853726750%(
2/23/2026, 10:35:37 AM,Elena,Fernandez,qa_1771853737172@gmail.com,Pass_1771853737172$*
2/23/2026, 10:35:38 AM,Sofia,Martinez,qa_1771853738585@gmail.com,Pass_1771853738585(+
2/23/2026, 10:35:39 AM,Luis,Rodriguez,qa_1771853739025@gmail.com,Pass_1771853739025))
2/23/2026, 10:35:39 AM,Diego,Fernandez,qa_1771853739090@gmail.com,Pass_1771853739090^*
2/23/2026, 10:35:49 AM,Maria,Perez,qa_1771853749599@gmail.com,Pass_1771853749599)%
2/23/2026, 10:36:14 AM,Luis,Gonzalez,qa_1771853774903@gmail.com,Pass_1771853774903#+
2/23/2026, 10:36:15 AM,Juan,Perez,qa_1771853775131@gmail.com,Pass_1771853775132)@
2/23/2026, 10:36:49 AM,Lucia,Hernandez,qa_1771853809635@gmail.com,Pass_1771853809635&)
2/23/2026, 10:36:58 AM,Sofia,Hernandez,qa_1771853818415@gmail.com,Pass_1771853818415+%
2/23/2026, 10:37:07 AM,Sofia,Ramirez,qa_1771853827419@gmail.com,Pass_1771853827419%&
2/23/2026, 10:37:07 AM,Juan,Garcia,qa_1771853827537@gmail.com,Pass_1771853827537##
2/23/2026, 10:37:53 AM,Lucia,Martinez,qa_1771853873080@gmail.com,Pass_1771853873081(+
2/23/2026, 10:38:00 AM,Juan,Perez,qa_1771853880754@gmail.com,Pass_1771853880754+!
2/23/2026, 10:38:06 AM,Maria,Garcia,qa_1771853886977@gmail.com,Pass_1771853886977!#
2/23/2026, 10:38:57 AM,Luis,Rodriguez,qa_1771853937090@gmail.com,Pass_1771853937090%)
2/23/2026, 10:39:08 AM,Maria,Hernandez,qa_1771853948488@gmail.com,Pass_1771853948488&)
2/23/2026, 10:39:26 AM,Juan,Sanchez,qa_1771853966023@gmail.com,Pass_1771853966024@(
2/23/2026, 10:40:25 AM,Sofia,Sanchez,qa_1771854025523@gmail.com,Pass_1771854025524&*
2/23/2026, 10:40:32 AM,Carlos,Garcia,qa_1771854032134@gmail.com,Pass_1771854032134&#
2/23/2026, 10:40:37 AM,Ana,Hernandez,qa_1771854037790@gmail.com,Pass_1771854037790(+
2/23/2026, 10:41:10 AM,Elena,Fernandez,qa_1771854070231@gmail.com,Pass_1771854070231+(
2/23/2026, 10:41:21 AM,Pedro,Martinez,qa_1771854081754@gmail.com,Pass_1771854081754%)
2/23/2026, 11:36:53 AM,Carlos,Lopez,qa_1771857413574@gmail.com,Pass_1771857413574_+
2/23/2026, 11:37:00 AM,Carlos,Rodriguez,qa_1771857420548@gmail.com,Pass_1771857420548)_
2/23/2026, 11:37:06 AM,Ana,Fernandez,qa_1771857426776@gmail.com,Pass_1771857426776!+
2/23/2026, 11:37:36 AM,Maria,Perez,qa_1771857456223@gmail.com,Pass_1771857456223$_
2/23/2026, 11:37:46 AM,Sofia,Fernandez,qa_1771857466496@gmail.com,Pass_1771857466496&!
2/23/2026, 11:45:06 AM,Luis,Hernandez,qa_1771857906324@gmail.com,Pass_1771857906324%%
2/23/2026, 11:45:06 AM,Carlos,Sanchez,qa_1771857906318@gmail.com,Pass_1771857906318$*
2/23/2026, 11:45:06 AM,Elena,Lopez,qa_1771857906320@gmail.com,Pass_1771857906320_$
2/23/2026, 11:45:26 AM,Juan,Ramirez,qa_1771857926402@gmail.com,Pass_1771857926402$%
2/23/2026, 11:45:28 AM,Juan,Rodriguez,qa_1771857928974@gmail.com,Pass_1771857928974*%
2/23/2026, 11:45:37 AM,Maria,Rodriguez,qa_1771857937743@gmail.com,Pass_1771857937743$$
2/23/2026, 11:45:37 AM,Maria,Perez,qa_1771857937897@gmail.com,Pass_1771857937897%$
2/23/2026, 11:45:43 AM,Pedro,Sanchez,qa_1771857943395@gmail.com,Pass_1771857943395&^
2/23/2026, 11:45:53 AM,Elena,Hernandez,qa_1771857953140@gmail.com,Pass_1771857953140&+
2/23/2026, 11:46:13 AM,Diego,Garcia,qa_1771857973751@gmail.com,Pass_1771857973751#+
2/23/2026, 11:46:20 AM,Luis,Fernandez,qa_1771857980264@gmail.com,Pass_1771857980264!#
2/23/2026, 11:46:29 AM,Carlos,Rodriguez,qa_1771857989282@gmail.com,Pass_1771857989282*^
2/23/2026, 11:46:51 AM,Carlos,Ramirez,qa_1771858011921@gmail.com,Pass_1771858011921%_
2/23/2026, 11:46:58 AM,Elena,Martinez,qa_1771858018267@gmail.com,Pass_1771858018267#$
2/23/2026, 11:47:06 AM,Juan,Gonzalez,qa_1771858026204@gmail.com,Pass_1771858026204^_
2/23/2026, 11:47:29 AM,Sofia,Martinez,qa_1771858049676@gmail.com,Pass_1771858049676*&
2/23/2026, 11:47:35 AM,Sofia,Lopez,qa_1771858055442@gmail.com,Pass_1771858055442()
2/23/2026, 11:48:03 AM,Diego,Lopez,qa_1771858083977@gmail.com,Pass_1771858083977^+
2/23/2026, 11:48:11 AM,Luis,Martinez,qa_1771858091770@gmail.com,Pass_1771858091770^(
2/23/2026, 11:48:38 AM,Carlos,Martinez,qa_1771858118102@gmail.com,Pass_1771858118102%)
2/23/2026, 11:48:47 AM,Sofia,Perez,qa_1771858127963@gmail.com,Pass_1771858127963^^
2/23/2026, 12:00:24 PM,Carlos,Garcia,qa_1771858824518@gmail.com,Pass_1771858824518^$
2/23/2026, 12:00:24 PM,Maria,Gonzalez,qa_1771858824521@gmail.com,Pass_1771858824521(%
2/23/2026, 12:00:24 PM,Carlos,Gonzalez,qa_1771858824562@gmail.com,Pass_1771858824562($
2/23/2026, 12:01:01 PM,Elena,Garcia,qa_1771858861021@gmail.com,Pass_1771858861022%!
2/23/2026, 12:01:01 PM,Carlos,Garcia,qa_1771858861189@gmail.com,Pass_1771858861189!(
2/23/2026, 12:01:01 PM,Elena,Hernandez,qa_1771858861227@gmail.com,Pass_1771858861227^^
2/23/2026, 12:01:39 PM,Juan,Hernandez,qa_1771858899758@gmail.com,Pass_1771858899758)^
2/23/2026, 12:01:40 PM,Lucia,Perez,qa_1771858900095@gmail.com,Pass_1771858900095@*
2/23/2026, 12:01:40 PM,Lucia,Hernandez,qa_1771858900357@gmail.com,Pass_1771858900357!(
2/23/2026, 12:01:58 PM,Luis,Fernandez,qa_1771858918576@gmail.com,Pass_1771858918576^_
2/23/2026, 12:02:14 PM,Carlos,Martinez,qa_1771858934078@gmail.com,Pass_1771858934078*!
2/23/2026, 12:02:18 PM,Elena,Garcia,qa_1771858938669@gmail.com,Pass_1771858938670*@
2/23/2026, 12:02:18 PM,Pedro,Martinez,qa_1771858938670@gmail.com,Pass_1771858938670_#
2/23/2026, 12:02:31 PM,Lucia,Lopez,qa_1771858951831@gmail.com,Pass_1771858951831))
2/23/2026, 12:02:47 PM,Juan,Sanchez,qa_1771858967448@gmail.com,Pass_1771858967448(!
2/23/2026, 12:03:00 PM,Pedro,Ramirez,qa_1771858980322@gmail.com,Pass_1771858980322!^
2/23/2026, 12:03:06 PM,Sofia,Martinez,qa_1771858986172@gmail.com,Pass_1771858986172_&
2/23/2026, 12:03:20 PM,Ana,Fernandez,qa_1771859000932@gmail.com,Pass_1771859000932)!
2/23/2026, 12:03:32 PM,Carlos,Ramirez,qa_1771859012456@gmail.com,Pass_1771859012456@#
2/23/2026, 12:03:39 PM,Lucia,Rodriguez,qa_1771859019844@gmail.com,Pass_1771859019844@%
2/23/2026, 12:03:54 PM,Luis,Sanchez,qa_1771859034980@gmail.com,Pass_1771859034980!(
2/23/2026, 12:04:07 PM,Juan,Rodriguez,qa_1771859047617@gmail.com,Pass_1771859047617&@
2/23/2026, 12:04:13 PM,Pedro,Perez,qa_1771859053794@gmail.com,Pass_1771859053794$&
2/23/2026, 12:04:29 PM,Maria,Fernandez,qa_1771859069087@gmail.com,Pass_1771859069087!!
2/23/2026, 12:04:47 PM,Luis,Gonzalez,qa_1771859087402@gmail.com,Pass_1771859087403##
2/23/2026, 12:13:12 PM,Ana,Garcia,qa_1771859592886@gmail.com,Pass_1771859592886@)
2/23/2026, 12:13:12 PM,Maria,Ramirez,qa_1771859592937@gmail.com,Pass_1771859592937$*
2/23/2026, 12:13:13 PM,Lucia,Gonzalez,qa_1771859593425@gmail.com,Pass_1771859593425_+
2/23/2026, 12:13:51 PM,Juan,Rodriguez,qa_1771859631346@gmail.com,Pass_1771859631346&*
2/23/2026, 12:13:51 PM,Lucia,Perez,qa_1771859631429@gmail.com,Pass_1771859631429^&
2/23/2026, 12:13:51 PM,Sofia,Fernandez,qa_1771859631719@gmail.com,Pass_1771859631719@#
2/23/2026, 12:14:30 PM,Diego,Lopez,qa_1771859670712@gmail.com,Pass_1771859670712#&
2/23/2026, 12:14:31 PM,Pedro,Rodriguez,qa_1771859671275@gmail.com,Pass_1771859671275#_
2/23/2026, 12:14:31 PM,Diego,Ramirez,qa_1771859671623@gmail.com,Pass_1771859671623!#
2/23/2026, 12:14:44 PM,Carlos,Garcia,qa_1771859684208@gmail.com,Pass_1771859684209)$
2/23/2026, 12:15:05 PM,Juan,Garcia,qa_1771859705685@gmail.com,Pass_1771859705685)%
2/23/2026, 12:15:10 PM,Pedro,Fernandez,qa_1771859710272@gmail.com,Pass_1771859710272$#
2/23/2026, 12:15:10 PM,Maria,Lopez,qa_1771859710425@gmail.com,Pass_1771859710425&!
2/23/2026, 12:15:18 PM,Juan,Garcia,qa_1771859718026@gmail.com,Pass_1771859718027*^
2/23/2026, 12:15:39 PM,Ana,Gonzalez,qa_1771859739241@gmail.com,Pass_1771859739241^*
2/23/2026, 12:15:51 PM,Ana,Perez,qa_1771859751102@gmail.com,Pass_1771859751102%_
2/23/2026, 12:15:53 PM,Maria,Fernandez,qa_1771859753094@gmail.com,Pass_1771859753094&_
2/23/2026, 12:16:13 PM,Maria,Sanchez,qa_1771859773062@gmail.com,Pass_1771859773062%^
2/23/2026, 12:16:23 PM,Ana,Fernandez,qa_1771859783677@gmail.com,Pass_1771859783677#^
2/23/2026, 12:16:27 PM,Ana,Hernandez,qa_1771859787616@gmail.com,Pass_1771859787616_#
2/23/2026, 12:16:47 PM,Luis,Rodriguez,qa_1771859807272@gmail.com,Pass_1771859807272(@
2/23/2026, 12:16:58 PM,Maria,Fernandez,qa_1771859817998@gmail.com,Pass_1771859817998^%
2/23/2026, 12:17:02 PM,Pedro,Lopez,qa_1771859822308@gmail.com,Pass_1771859822309+_
2/23/2026, 12:17:21 PM,Ana,Gonzalez,qa_1771859841757@gmail.com,Pass_1771859841757+_
2/23/2026, 12:17:35 PM,Elena,Rodriguez,qa_1771859855859@gmail.com,Pass_1771859855859^*
2/23/2026, 12:19:39 PM,Maria,Fernandez,qa_1771859979815@gmail.com,Pass_1771859979815_+
2/23/2026, 12:19:40 PM,Juan,Perez,qa_1771859980096@gmail.com,Pass_1771859980096+_
2/23/2026, 12:19:40 PM,Lucia,Sanchez,qa_1771859980115@gmail.com,Pass_1771859980119^&
2/23/2026, 12:19:53 PM,Pedro,Martinez,qa_1771859993098@gmail.com,Pass_1771859993098(^
2/23/2026, 12:19:53 PM,Elena,Fernandez,qa_1771859993622@gmail.com,Pass_1771859993622(^
2/23/2026, 12:20:02 PM,Juan,Fernandez,qa_1771860002943@gmail.com,Pass_1771860002943#(
2/23/2026, 12:20:12 PM,Elena,Fernandez,qa_1771860012199@gmail.com,Pass_1771860012199#&
2/23/2026, 12:20:25 PM,Maria,Garcia,qa_1771860025811@gmail.com,Pass_1771860025812+)
2/23/2026, 12:20:26 PM,Diego,Lopez,qa_1771860026305@gmail.com,Pass_1771860026305%_
2/23/2026, 12:20:31 PM,Lucia,Ramirez,qa_1771860031455@gmail.com,Pass_1771860031455*^
2/23/2026, 12:20:53 PM,Diego,Garcia,qa_1771860053083@gmail.com,Pass_1771860053083^#
2/23/2026, 12:30:54 PM,Elena,Ramirez,qa_1771860654486@gmail.com,Pass_1771860654486)^
2/23/2026, 12:30:54 PM,Pedro,Fernandez,qa_1771860654498@gmail.com,Pass_1771860654498%$
2/23/2026, 12:30:54 PM,Diego,Perez,qa_1771860654846@gmail.com,Pass_1771860654846#_
2/23/2026, 12:31:11 PM,Diego,Ramirez,qa_1771860671217@gmail.com,Pass_1771860671217(@
2/23/2026, 12:31:17 PM,Ana,Martinez,qa_1771860677753@gmail.com,Pass_1771860677753!$
2/23/2026, 12:31:26 PM,Luis,Fernandez,qa_1771860686103@gmail.com,Pass_1771860686103&)
2/23/2026, 12:31:39 PM,Lucia,Rodriguez,qa_1771860699356@gmail.com,Pass_1771860699356@(
2/23/2026, 12:31:43 PM,Carlos,Lopez,qa_1771860703695@gmail.com,Pass_1771860703695*^
2/23/2026, 12:31:55 PM,Carlos,Gonzalez,qa_1771860715089@gmail.com,Pass_1771860715089$+
2/23/2026, 12:31:57 PM,Pedro,Perez,qa_1771860717674@gmail.com,Pass_1771860717674)_
2/23/2026, 12:32:15 PM,Sofia,Ramirez,qa_1771860735689@gmail.com,Pass_1771860735689$_
2/23/2026, 12:40:36 PM,Ana,Fernandez,qa_1771861236099@gmail.com,Pass_1771861236099!%
2/23/2026, 12:40:36 PM,Juan,Rodriguez,qa_1771861236122@gmail.com,Pass_1771861236122#)
2/23/2026, 12:40:36 PM,Elena,Garcia,qa_1771861236454@gmail.com,Pass_1771861236455#)
2/23/2026, 12:40:50 PM,Carlos,Rodriguez,qa_1771861250757@gmail.com,Pass_1771861250757)^
2/23/2026, 12:40:57 PM,Lucia,Perez,qa_1771861257343@gmail.com,Pass_1771861257343)%
2/23/2026, 12:41:06 PM,Juan,Perez,qa_1771861266570@gmail.com,Pass_1771861266570+*
2/23/2026, 12:41:19 PM,Elena,Martinez,qa_1771861279795@gmail.com,Pass_1771861279795_)
2/23/2026, 12:41:23 PM,Elena,Rodriguez,qa_1771861283238@gmail.com,Pass_1771861283238_+
2/23/2026, 12:41:32 PM,Diego,Garcia,qa_1771861292904@gmail.com,Pass_1771861292904@^
2/23/2026, 12:41:33 PM,Diego,Rodriguez,qa_1771861293824@gmail.com,Pass_1771861293824$!
2/23/2026, 12:44:57 PM,Juan,Martinez,qa_1771861497973@gmail.com,Pass_1771861497974$!
2/23/2026, 12:44:58 PM,Pedro,Gonzalez,qa_1771861498501@gmail.com,Pass_1771861498501&$
2/23/2026, 12:44:58 PM,Pedro,Ramirez,qa_1771861498712@gmail.com,Pass_1771861498712&%
2/23/2026, 12:45:12 PM,Sofia,Gonzalez,qa_1771861512538@gmail.com,Pass_1771861512538%)
2/23/2026, 12:45:16 PM,Maria,Rodriguez,qa_1771861516084@gmail.com,Pass_1771861516084_+
2/23/2026, 12:45:25 PM,Lucia,Gonzalez,qa_1771861525920@gmail.com,Pass_1771861525920)%
2/23/2026, 12:45:35 PM,Ana,Sanchez,qa_1771861535901@gmail.com,Pass_1771861535901#^
2/23/2026, 12:45:42 PM,Maria,Hernandez,qa_1771861542612@gmail.com,Pass_1771861542612%*
2/23/2026, 12:45:49 PM,Sofia,Gonzalez,qa_1771861549296@gmail.com,Pass_1771861549296!@
2/23/2026, 12:45:53 PM,Ana,Perez,qa_1771861553498@gmail.com,Pass_1771861553498@$
2/23/2026, 12:49:09 PM,Elena,Rodriguez,qa_1771861749736@gmail.com,Pass_1771861749737*$
2/23/2026, 12:59:51 PM,Sofia,Ramirez,qa_1771862391741@gmail.com,Pass_1771862391741!+
2/23/2026, 1:02:42 PM,Juan,Hernandez,qa_1771862562482@gmail.com,Pass_1771862562482+#
2/23/2026, 1:04:52 PM,Carlos,Lopez,qa_1771862692865@gmail.com,Pass_1771862692865_!
2/23/2026, 1:07:08 PM,Maria,Garcia,qa_1771862828756@gmail.com,Pass_1771862828756#+
2/23/2026, 1:07:37 PM,Juan,Sanchez,qa_1771862857638@gmail.com,Pass_1771862857638$!
2/23/2026, 1:10:23 PM,Lucia,Martinez,qa_1771863023937@gmail.com,Pass_1771863023937&#
2/23/2026, 1:11:38 PM,Lucia,Perez,qa_1771863098025@gmail.com,Pass_1771863098025_&
2/23/2026, 1:54:09 PM,Carlos,Rodriguez,qa_1771865649975@gmail.com,Pass_1771865649975)#
2/23/2026, 1:54:37 PM,Lucia,Hernandez,qa_1771865677667@gmail.com,Pass_1771865677667#@
2/23/2026, 1:55:46 PM,Pedro,Sanchez,qa_1771865746550@gmail.com,Pass_1771865746550!)
2/23/2026, 1:56:10 PM,Pedro,Lopez,qa_1771865770778@gmail.com,Pass_1771865770778!)
2/23/2026, 1:59:48 PM,Elena,Hernandez,qa_1771865988993@gmail.com,Pass_1771865988993^*
2/23/2026, 2:00:46 PM,Luis,Fernandez,qa_1771866046212@gmail.com,Pass_1771866046212&$
2/23/2026, 2:04:12 PM,Elena,Garcia,qa_1771866252101@gmail.com,Pass_1771866252101(^
2/23/2026, 2:05:05 PM,Maria,Perez,qa_1771866305128@gmail.com,Pass_1771866305128&@
2/23/2026, 2:05:48 PM,Diego,Lopez,qa_1771866348417@gmail.com,Pass_1771866348417^$
2/23/2026, 2:07:26 PM,Sofia,Garcia,qa_1771866446779@gmail.com,Pass_1771866446779@*
2/23/2026, 2:09:36 PM,Maria,Martinez,qa_1771866576884@gmail.com,Pass_1771866576884+(
2/23/2026, 2:14:14 PM,Sofia,Perez,qa_1771866854136@gmail.com,Pass_1771866854136!+
2/23/2026, 2:15:03 PM,Luis,Perez,qa_1771866903783@gmail.com,Pass_1771866903783#&
2/23/2026, 2:20:42 PM,Carlos,Fernandez,qa_1771867242352@gmail.com,Pass_1771867242352&#
2/23/2026, 2:21:17 PM,Luis,Rodriguez,qa_1771867277648@gmail.com,Pass_1771867277648*#
2/23/2026, 2:23:07 PM,Elena,Sanchez,qa_1771867387209@gmail.com,Pass_1771867387209@*
2/23/2026, 2:24:44 PM,Maria,Lopez,qa_1771867484468@gmail.com,Pass_1771867484468&%
2/23/2026, 2:32:19 PM,Pedro,Perez,qa_1771867939172@gmail.com,Pass_1771867939172)*
2/23/2026, 2:32:36 PM,Sofia,Martinez,qa_1771867956887@gmail.com,Pass_1771867956887!%
2/23/2026, 2:33:40 PM,Sofia,Hernandez,qa_1771868020312@gmail.com,Pass_1771868020312@)
2/23/2026, 2:35:07 PM,Lucia,Martinez,qa_1771868107344@gmail.com,Pass_1771868107344^$
2/23/2026, 2:36:46 PM,Pedro,Gonzalez,qa_1771868206311@gmail.com,Pass_1771868206312@^
2/23/2026, 2:38:35 PM,Luis,Martinez,qa_1771868315809@gmail.com,Pass_1771868315809#_
2/23/2026, 2:40:38 PM,Sofia,Rodriguez,qa_1771868438419@gmail.com,Pass_1771868438419*)
2/23/2026, 2:40:58 PM,Lucia,Perez,qa_1771868458032@gmail.com,Pass_1771868458032_%
2/23/2026, 2:41:15 PM,Luis,Perez,qa_1771868475034@gmail.com,Pass_1771868475034!*
2/23/2026, 2:41:34 PM,Ana,Lopez,qa_1771868494080@gmail.com,Pass_1771868494080&(
2/23/2026, 2:42:40 PM,Lucia,Martinez,qa_1771868560745@gmail.com,Pass_1771868560745#$
2/23/2026, 2:50:55 PM,Sofia,Garcia,qa_1771869055740@gmail.com,Pass_1771869055740(+
2/23/2026, 2:53:46 PM,Lucia,Rodriguez,qa_1771869226709@gmail.com,Pass_1771869226709&$
2/23/2026, 2:54:38 PM,Pedro,Ramirez,qa_1771869278537@gmail.com,Pass_1771869278537*_
2/23/2026, 2:56:41 PM,Elena,Gonzalez,qa_1771869401687@gmail.com,Pass_1771869401687+^
2/23/2026, 3:06:21 PM,Pedro,Sanchez,qa_1771869981620@gmail.com,Pass_1771869981620^+
2/23/2026, 3:07:39 PM,Juan,Lopez,qa_1771870059391@gmail.com,Pass_1771870059391+#
2/23/2026, 3:08:00 PM,Diego,Ramirez,qa_1771870080013@gmail.com,Pass_1771870080013*+
2/23/2026, 3:13:22 PM,Pedro,Lopez,qa_1771870402549@gmail.com,Pass_1771870402549!_
2/23/2026, 3:14:54 PM,Luis,Rodriguez,qa_1771870494728@gmail.com,Pass_1771870494728$_
2/23/2026, 3:17:06 PM,Maria,Garcia,qa_1771870626448@gmail.com,Pass_1771870626448%$
2/23/2026, 3:17:52 PM,Ana,Hernandez,qa_1771870672596@gmail.com,Pass_1771870672596(!
2/23/2026, 3:20:24 PM,Lucia,Martinez,qa_1771870824386@gmail.com,Pass_1771870824386$(
2/23/2026, 3:23:13 PM,Carlos,Martinez,qa_1771870993291@gmail.com,Pass_1771870993291$#
2/23/2026, 3:25:11 PM,Sofia,Gonzalez,qa_1771871111412@gmail.com,Pass_1771871111412)+
2/23/2026, 3:25:28 PM,Lucia,Martinez,qa_1771871128585@gmail.com,Pass_1771871128585($
2/23/2026, 3:26:57 PM,Elena,Perez,qa_1771871217779@gmail.com,Pass_1771871217779&_
2/23/2026, 3:28:35 PM,Juan,Fernandez,qa_1771871315749@gmail.com,Pass_1771871315749&!
2/23/2026, 3:31:04 PM,Ana,Gonzalez,qa_1771871464671@gmail.com,Pass_1771871464671)^
2/23/2026, 3:31:51 PM,Juan,Martinez,qa_1771871511288@gmail.com,Pass_1771871511288)+
2/23/2026, 3:33:00 PM,Pedro,Gonzalez,qa_1771871580973@gmail.com,Pass_1771871580973#+
2/23/2026, 3:33:31 PM,Diego,Fernandez,qa_1771871611371@gmail.com,Pass_1771871611371^#
2/23/2026, 3:36:03 PM,Carlos,Garcia,qa_1771871763642@gmail.com,Pass_1771871763642$*
2/23/2026, 3:39:00 PM,Pedro,Perez,qa_1771871940630@gmail.com,Pass_1771871940630*!
2/23/2026, 3:41:18 PM,Maria,Perez,qa_1771872078568@gmail.com,Pass_1771872078568$*
2/23/2026, 3:43:18 PM,Elena,Perez,qa_1771872198149@gmail.com,Pass_1771872198149!(
2/23/2026, 3:45:06 PM,Ana,Ramirez,qa_1771872306414@gmail.com,Pass_1771872306415$$
2/23/2026, 3:45:41 PM,Sofia,Fernandez,qa_1771872341050@gmail.com,Pass_1771872341050!_
2/23/2026, 3:46:01 PM,Lucia,Martinez,qa_1771872361915@gmail.com,Pass_1771872361915_%
2/23/2026, 3:46:09 PM,Sofia,Hernandez,qa_1771872369354@gmail.com,Pass_1771872369354@&
2/23/2026, 3:46:16 PM,Pedro,Martinez,qa_1771872376631@gmail.com,Pass_1771872376631*)
2/23/2026, 3:46:48 PM,Maria,Rodriguez,qa_1771872408128@gmail.com,Pass_1771872408128_!
2/23/2026, 3:46:59 PM,Juan,Gonzalez,qa_1771872419744@gmail.com,Pass_1771872419744_#
2/23/2026, 3:47:26 PM,Pedro,Rodriguez,qa_1771872446588@gmail.com,Pass_1771872446588#!
2/23/2026, 3:47:37 PM,Ana,Ramirez,qa_1771872457799@gmail.com,Pass_1771872457799^)
2/23/2026, 3:47:51 PM,Juan,Lopez,qa_1771872471434@gmail.com,Pass_1771872471434&_
2/23/2026, 3:48:45 PM,Ana,Martinez,qa_1771872525059@gmail.com,Pass_1771872525059_(
2/23/2026, 3:49:07 PM,Lucia,Hernandez,qa_1771872547136@gmail.com,Pass_1771872547136_+
2/23/2026, 3:49:29 PM,Luis,Sanchez,qa_1771872569876@gmail.com,Pass_1771872569876__
2/23/2026, 3:51:46 PM,Pedro,Hernandez,qa_1771872706867@gmail.com,Pass_1771872706867#@
2/23/2026, 3:53:52 PM,Pedro,Sanchez,qa_1771872832285@gmail.com,Pass_1771872832285($
2/23/2026, 3:53:52 PM,Lucia,Sanchez,qa_1771872832337@gmail.com,Pass_1771872832337*$
2/23/2026, 3:53:52 PM,Maria,Perez,qa_1771872832387@gmail.com,Pass_1771872832387$*
2/23/2026, 3:54:14 PM,Carlos,Fernandez,qa_1771872854408@gmail.com,Pass_1771872854409%_
2/23/2026, 3:54:14 PM,Maria,Gonzalez,qa_1771872854542@gmail.com,Pass_1771872854542!$
2/23/2026, 3:54:28 PM,Luis,Sanchez,qa_1771872868051@gmail.com,Pass_1771872868051%)
2/23/2026, 3:54:34 PM,Ana,Martinez,qa_1771872874323@gmail.com,Pass_1771872874323$_
2/23/2026, 3:54:49 PM,Ana,Perez,qa_1771872889956@gmail.com,Pass_1771872889956+!
2/23/2026, 3:54:50 PM,Carlos,Fernandez,qa_1771872890724@gmail.com,Pass_1771872890724*^
2/23/2026, 3:54:56 PM,Sofia,Hernandez,qa_1771872896294@gmail.com,Pass_1771872896294!+
2/23/2026, 3:55:06 PM,Maria,Ramirez,qa_1771872906725@gmail.com,Pass_1771872906725@_
2/23/2026, 3:55:12 PM,Ana,Gonzalez,qa_1771872912497@gmail.com,Pass_1771872912498)&
2/23/2026, 3:55:20 PM,Pedro,Rodriguez,qa_1771872920180@gmail.com,Pass_1771872920180$@
2/23/2026, 3:55:31 PM,Maria,Fernandez,qa_1771872931191@gmail.com,Pass_1771872931191$$
2/23/2026, 3:55:39 PM,Juan,Sanchez,qa_1771872939719@gmail.com,Pass_1771872939719)(
2/23/2026, 3:55:40 PM,Sofia,Gonzalez,qa_1771872940628@gmail.com,Pass_1771872940628!@
2/23/2026, 3:55:55 PM,Elena,Martinez,qa_1771872955993@gmail.com,Pass_1771872955993*@
2/23/2026, 3:55:56 PM,Ana,Martinez,qa_1771872956345@gmail.com,Pass_1771872956345$+
2/23/2026, 3:56:10 PM,Carlos,Hernandez,qa_1771872970600@gmail.com,Pass_1771872970600*(
2/23/2026, 3:56:11 PM,Carlos,Sanchez,qa_1771872971977@gmail.com,Pass_1771872971977$(
2/23/2026, 3:56:20 PM,Juan,Ramirez,qa_1771872980870@gmail.com,Pass_1771872980870@@
2/23/2026, 3:56:25 PM,Lucia,Gonzalez,qa_1771872985715@gmail.com,Pass_1771872985715&*
2/23/2026, 3:56:34 PM,Maria,Fernandez,qa_1771872994703@gmail.com,Pass_1771872994703^!
2/23/2026, 3:56:49 PM,Sofia,Lopez,qa_1771873009820@gmail.com,Pass_1771873009821_&
2/23/2026, 3:56:53 PM,Carlos,Hernandez,qa_1771873013471@gmail.com,Pass_1771873013471&@
2/23/2026, 3:57:00 PM,Elena,Hernandez,qa_1771873020187@gmail.com,Pass_1771873020188$_
2/23/2026, 3:57:10 PM,Diego,Hernandez,qa_1771873030152@gmail.com,Pass_1771873030152#_
2/23/2026, 3:57:11 PM,Ana,Ramirez,qa_1771873031137@gmail.com,Pass_1771873031137@)
2/23/2026, 3:57:31 PM,Elena,Gonzalez,qa_1771873051086@gmail.com,Pass_1771873051086&&
2/23/2026, 3:57:31 PM,Elena,Fernandez,qa_1771873051203@gmail.com,Pass_1771873051203!%
2/23/2026, 3:58:44 PM,Pedro,Garcia,qa_1771873124697@gmail.com,Pass_1771873124697@+
2/23/2026, 3:58:45 PM,Ana,Lopez,qa_1771873125436@gmail.com,Pass_1771873125436^)
2/23/2026, 3:58:45 PM,Carlos,Lopez,qa_1771873125585@gmail.com,Pass_1771873125585+_
2/23/2026, 3:59:03 PM,Diego,Fernandez,qa_1771873143375@gmail.com,Pass_1771873143375!%
2/23/2026, 3:59:03 PM,Sofia,Gonzalez,qa_1771873143645@gmail.com,Pass_1771873143645#%
2/23/2026, 3:59:15 PM,Pedro,Perez,qa_1771873155584@gmail.com,Pass_1771873155584*)
2/23/2026, 3:59:24 PM,Maria,Lopez,qa_1771873164654@gmail.com,Pass_1771873164654%%
2/23/2026, 3:59:33 PM,Elena,Garcia,qa_1771873173330@gmail.com,Pass_1771873173330$(
2/23/2026, 3:59:40 PM,Juan,Perez,qa_1771873180331@gmail.com,Pass_1771873180331&&
2/23/2026, 3:59:45 PM,Maria,Hernandez,qa_1771873185381@gmail.com,Pass_1771873185381%&
2/23/2026, 3:59:54 PM,Ana,Martinez,qa_1771873194291@gmail.com,Pass_1771873194291)^
2/23/2026, 4:00:01 PM,Pedro,Ramirez,qa_1771873201899@gmail.com,Pass_1771873201899$@
2/23/2026, 4:00:03 PM,Juan,Gonzalez,qa_1771873203449@gmail.com,Pass_1771873203449)$
2/23/2026, 4:00:21 PM,Elena,Martinez,qa_1771873221610@gmail.com,Pass_1771873221610&@
2/23/2026, 4:00:23 PM,Sofia,Sanchez,qa_1771873223937@gmail.com,Pass_1771873223937!(
2/23/2026, 4:00:25 PM,Sofia,Lopez,qa_1771873225329@gmail.com,Pass_1771873225329*$
2/23/2026, 4:00:36 PM,Carlos,Sanchez,qa_1771873236417@gmail.com,Pass_1771873236417(@
2/23/2026, 4:00:41 PM,Maria,Garcia,qa_1771873241208@gmail.com,Pass_1771873241208*$
2/23/2026, 4:00:50 PM,Ana,Martinez,qa_1771873250647@gmail.com,Pass_1771873250647_&
2/23/2026, 4:00:56 PM,Sofia,Perez,qa_1771873256909@gmail.com,Pass_1771873256909#&
2/23/2026, 4:01:03 PM,Luis,Hernandez,qa_1771873263447@gmail.com,Pass_1771873263447*@
2/23/2026, 4:01:10 PM,Luis,Garcia,qa_1771873270939@gmail.com,Pass_1771873270939&)
2/23/2026, 4:01:17 PM,Elena,Lopez,qa_1771873277036@gmail.com,Pass_1771873277037+@
2/23/2026, 4:01:17 PM,Juan,Martinez,qa_1771873277123@gmail.com,Pass_1771873277123_*
2/23/2026, 4:01:27 PM,Carlos,Lopez,qa_1771873287470@gmail.com,Pass_1771873287470#_
2/23/2026, 4:01:43 PM,Lucia,Sanchez,qa_1771873303674@gmail.com,Pass_1771873303674$)
2/23/2026, 4:01:46 PM,Elena,Martinez,qa_1771873306442@gmail.com,Pass_1771873306442(!
2/23/2026, 4:01:50 PM,Sofia,Garcia,qa_1771873310000@gmail.com,Pass_1771873310000%+
2/23/2026, 4:01:57 PM,Sofia,Lopez,qa_1771873317195@gmail.com,Pass_1771873317195)#
2/23/2026, 4:02:01 PM,Lucia,Sanchez,qa_1771873321310@gmail.com,Pass_1771873321310(_
2/23/2026, 4:02:14 PM,Juan,Ramirez,qa_1771873334271@gmail.com,Pass_1771873334271*@
2/23/2026, 4:02:14 PM,Elena,Fernandez,qa_1771873334638@gmail.com,Pass_1771873334638^(
2/23/2026, 4:02:25 PM,Maria,Martinez,qa_1771873345612@gmail.com,Pass_1771873345612@^
2/23/2026, 4:02:29 PM,Elena,Lopez,qa_1771873349057@gmail.com,Pass_1771873349057$&
2/23/2026, 4:02:36 PM,Pedro,Ramirez,qa_1771873356498@gmail.com,Pass_1771873356498)!
2/23/2026, 4:02:55 PM,Lucia,Garcia,qa_1771873375066@gmail.com,Pass_1771873375066*&
2/23/2026, 4:03:41 PM,Juan,Hernandez,qa_1771873421258@gmail.com,Pass_1771873421258)*
2/23/2026, 4:03:41 PM,Maria,Sanchez,qa_1771873421837@gmail.com,Pass_1771873421837^+
2/23/2026, 4:03:41 PM,Maria,Rodriguez,qa_1771873421918@gmail.com,Pass_1771873421918#^
2/23/2026, 4:03:54 PM,Carlos,Lopez,qa_1771873434562@gmail.com,Pass_1771873434562%*
2/23/2026, 4:03:56 PM,Juan,Perez,qa_1771873436235@gmail.com,Pass_1771873436235$&
2/23/2026, 4:04:07 PM,Sofia,Rodriguez,qa_1771873447375@gmail.com,Pass_1771873447375^@
2/23/2026, 4:04:14 PM,Pedro,Ramirez,qa_1771873454633@gmail.com,Pass_1771873454633$@
2/23/2026, 4:04:17 PM,Sofia,Martinez,qa_1771873457396@gmail.com,Pass_1771873457396)&
2/23/2026, 4:04:29 PM,Pedro,Martinez,qa_1771873469675@gmail.com,Pass_1771873469675!^
2/23/2026, 4:04:35 PM,Carlos,Sanchez,qa_1771873475158@gmail.com,Pass_1771873475158^&
2/23/2026, 4:04:44 PM,Juan,Perez,qa_1771873484089@gmail.com,Pass_1771873484089%)
2/23/2026, 4:04:49 PM,Sofia,Perez,qa_1771873489498@gmail.com,Pass_1771873489498@^
2/23/2026, 4:04:53 PM,Carlos,Gonzalez,qa_1771873493359@gmail.com,Pass_1771873493359&@
2/23/2026, 4:04:55 PM,Juan,Rodriguez,qa_1771873495815@gmail.com,Pass_1771873495815_%
2/23/2026, 4:05:05 PM,Ana,Ramirez,qa_1771873505793@gmail.com,Pass_1771873505793^$
2/23/2026, 4:05:13 PM,Pedro,Fernandez,qa_1771873513127@gmail.com,Pass_1771873513127$@
2/23/2026, 4:05:18 PM,Juan,Lopez,qa_1771873518550@gmail.com,Pass_1771873518550&_
2/23/2026, 4:05:22 PM,Ana,Gonzalez,qa_1771873522780@gmail.com,Pass_1771873522780+!
2/23/2026, 4:05:25 PM,Elena,Rodriguez,qa_1771873525039@gmail.com,Pass_1771873525039@_
2/23/2026, 4:05:32 PM,Ana,Lopez,qa_1771873532351@gmail.com,Pass_1771873532352_&
2/23/2026, 4:05:41 PM,Diego,Hernandez,qa_1771873541282@gmail.com,Pass_1771873541282)!
2/23/2026, 4:05:46 PM,Lucia,Sanchez,qa_1771873546564@gmail.com,Pass_1771873546564$&
2/23/2026, 4:05:54 PM,Ana,Martinez,qa_1771873554243@gmail.com,Pass_1771873554243!*
2/23/2026, 4:05:56 PM,Juan,Lopez,qa_1771873556474@gmail.com,Pass_1771873556474_@
2/23/2026, 4:06:02 PM,Maria,Ramirez,qa_1771873562454@gmail.com,Pass_1771873562454+(
2/23/2026, 4:06:10 PM,Juan,Gonzalez,qa_1771873570916@gmail.com,Pass_1771873570916^+
2/23/2026, 4:06:25 PM,Pedro,Fernandez,qa_1771873585646@gmail.com,Pass_1771873585646#%
2/23/2026, 4:06:29 PM,Diego,Gonzalez,qa_1771873589274@gmail.com,Pass_1771873589274&*
2/23/2026, 4:06:30 PM,Lucia,Sanchez,qa_1771873590602@gmail.com,Pass_1771873590602!!
2/23/2026, 4:06:44 PM,Carlos,Perez,qa_1771873604024@gmail.com,Pass_1771873604024%@
2/23/2026, 4:06:52 PM,Carlos,Martinez,qa_1771873612043@gmail.com,Pass_1771873612043)^
2/23/2026, 4:06:52 PM,Sofia,Gonzalez,qa_1771873612331@gmail.com,Pass_1771873612331)#
2/23/2026, 4:07:01 PM,Lucia,Hernandez,qa_1771873621631@gmail.com,Pass_1771873621631!+
2/23/2026, 4:07:04 PM,Maria,Lopez,qa_1771873624711@gmail.com,Pass_1771873624711&^
2/23/2026, 4:07:12 PM,Juan,Sanchez,qa_1771873632066@gmail.com,Pass_1771873632066#(
2/23/2026, 4:07:15 PM,Diego,Ramirez,qa_1771873635496@gmail.com,Pass_1771873635496))
2/23/2026, 4:07:31 PM,Elena,Sanchez,qa_1771873651520@gmail.com,Pass_1771873651520$)
2/23/2026, 4:09:13 PM,Ana,Fernandez,qa_1771873753677@gmail.com,Pass_1771873753678$#
2/23/2026, 4:09:22 PM,Diego,Martinez,qa_1771873762313@gmail.com,Pass_1771873762313$^
2/23/2026, 4:09:30 PM,Ana,Rodriguez,qa_1771873770358@gmail.com,Pass_1771873770358$_
2/23/2026, 4:09:59 PM,Maria,Hernandez,qa_1771873799909@gmail.com,Pass_1771873799909*_
2/23/2026, 4:10:11 PM,Lucia,Martinez,qa_1771873811632@gmail.com,Pass_1771873811632_(
2/23/2026, 4:10:25 PM,Carlos,Rodriguez,qa_1771873825737@gmail.com,Pass_1771873825737&!
2/23/2026, 4:10:36 PM,Diego,Hernandez,qa_1771873836252@gmail.com,Pass_1771873836252!$
2/23/2026, 4:10:46 PM,Juan,Perez,qa_1771873846801@gmail.com,Pass_1771873846801+&
2/23/2026, 4:11:57 PM,Luis,Fernandez,qa_1771873917388@gmail.com,Pass_1771873917388_%
2/23/2026, 4:11:57 PM,Pedro,Perez,qa_1771873917473@gmail.com,Pass_1771873917473#_
2/23/2026, 4:11:57 PM,Lucia,Lopez,qa_1771873917970@gmail.com,Pass_1771873917970!!
2/23/2026, 4:12:11 PM,Maria,Gonzalez,qa_1771873931257@gmail.com,Pass_1771873931257@_
2/23/2026, 4:12:13 PM,Elena,Fernandez,qa_1771873933237@gmail.com,Pass_1771873933237$^
2/23/2026, 4:12:24 PM,Ana,Lopez,qa_1771873944078@gmail.com,Pass_1771873944078!^
2/23/2026, 4:12:27 PM,Carlos,Sanchez,qa_1771873947085@gmail.com,Pass_1771873947085^*
2/23/2026, 4:12:34 PM,Luis,Sanchez,qa_1771873954384@gmail.com,Pass_1771873954385+@
2/23/2026, 4:12:48 PM,Carlos,Hernandez,qa_1771873968316@gmail.com,Pass_1771873968316&*
2/23/2026, 4:12:49 PM,Elena,Garcia,qa_1771873969692@gmail.com,Pass_1771873969692!)
2/23/2026, 4:13:01 PM,Carlos,Garcia,qa_1771873981038@gmail.com,Pass_1771873981038#&
2/23/2026, 4:13:06 PM,Diego,Ramirez,qa_1771873986434@gmail.com,Pass_1771873986435*(
2/23/2026, 4:13:08 PM,Sofia,Gonzalez,qa_1771873988256@gmail.com,Pass_1771873988257@!
2/23/2026, 4:13:17 PM,Juan,Garcia,qa_1771873997814@gmail.com,Pass_1771873997814_!
2/23/2026, 4:13:20 PM,Diego,Rodriguez,qa_1771874000823@gmail.com,Pass_1771874000823@@
2/23/2026, 4:13:20 PM,Ana,Gonzalez,qa_1771874000928@gmail.com,Pass_1771874000928)*
2/23/2026, 4:13:33 PM,Carlos,Hernandez,qa_1771874013255@gmail.com,Pass_1771874013255*!
2/23/2026, 4:13:40 PM,Lucia,Ramirez,qa_1771874020864@gmail.com,Pass_1771874020864_^
2/23/2026, 4:13:41 PM,Sofia,Ramirez,qa_1771874021815@gmail.com,Pass_1771874021815!$
2/23/2026, 4:13:42 PM,Ana,Rodriguez,qa_1771874022411@gmail.com,Pass_1771874022411#!
2/23/2026, 4:13:59 PM,Carlos,Gonzalez,qa_1771874039785@gmail.com,Pass_1771874039785@)
2/23/2026, 4:14:03 PM,Maria,Rodriguez,qa_1771874043262@gmail.com,Pass_1771874043262^@
2/23/2026, 4:14:06 PM,Sofia,Martinez,qa_1771874046761@gmail.com,Pass_1771874046761)_
2/23/2026, 4:14:06 PM,Lucia,Garcia,qa_1771874046764@gmail.com,Pass_1771874046764@%
2/23/2026, 4:14:15 PM,Diego,Sanchez,qa_1771874055210@gmail.com,Pass_1771874055210#+
2/23/2026, 4:14:22 PM,Luis,Gonzalez,qa_1771874062366@gmail.com,Pass_1771874062366!+
2/23/2026, 4:14:37 PM,Carlos,Perez,qa_1771874077610@gmail.com,Pass_1771874077610_!
2/23/2026, 4:14:48 PM,Maria,Perez,qa_1771874088357@gmail.com,Pass_1771874088357#(
2/23/2026, 4:14:52 PM,Sofia,Garcia,qa_1771874092251@gmail.com,Pass_1771874092251_(
2/23/2026, 4:14:54 PM,Pedro,Hernandez,qa_1771874094365@gmail.com,Pass_1771874094365!*
2/23/2026, 4:15:00 PM,Sofia,Martinez,qa_1771874100883@gmail.com,Pass_1771874100883%#
2/23/2026, 4:15:09 PM,Maria,Martinez,qa_1771874109357@gmail.com,Pass_1771874109357%!
2/23/2026, 4:15:10 PM,Maria,Ramirez,qa_1771874110950@gmail.com,Pass_1771874110950*)
2/23/2026, 4:15:24 PM,Elena,Perez,qa_1771874124787@gmail.com,Pass_1771874124787#@
2/23/2026, 4:15:27 PM,Carlos,Hernandez,qa_1771874127012@gmail.com,Pass_1771874127012%@
2/23/2026, 4:15:29 PM,Sofia,Ramirez,qa_1771874129809@gmail.com,Pass_1771874129810))
2/23/2026, 4:15:50 PM,Luis,Martinez,qa_1771874150895@gmail.com,Pass_1771874150895@%
2/23/2026, 4:17:36 PM,Ana,Gonzalez,qa_1771874256130@gmail.com,Pass_1771874256130@&
2/23/2026, 4:17:36 PM,Luis,Martinez,qa_1771874256239@gmail.com,Pass_1771874256239+#
2/23/2026, 4:17:36 PM,Luis,Martinez,qa_1771874256690@gmail.com,Pass_1771874256690@&
2/23/2026, 4:17:48 PM,Diego,Perez,qa_1771874268428@gmail.com,Pass_1771874268428)#
2/23/2026, 4:17:49 PM,Ana,Hernandez,qa_1771874269567@gmail.com,Pass_1771874269567@@
2/23/2026, 4:18:01 PM,Carlos,Ramirez,qa_1771874281161@gmail.com,Pass_1771874281161&!
2/23/2026, 4:18:05 PM,Maria,Ramirez,qa_1771874285388@gmail.com,Pass_1771874285388()
2/23/2026, 4:18:07 PM,Carlos,Hernandez,qa_1771874287506@gmail.com,Pass_1771874287506(*
2/23/2026, 4:18:23 PM,Sofia,Garcia,qa_1771874303036@gmail.com,Pass_1771874303036+@
2/23/2026, 4:18:26 PM,Diego,Gonzalez,qa_1771874306807@gmail.com,Pass_1771874306807__
2/23/2026, 4:18:34 PM,Lucia,Gonzalez,qa_1771874314979@gmail.com,Pass_1771874314979)(
2/23/2026, 4:18:38 PM,Diego,Fernandez,qa_1771874318999@gmail.com,Pass_1771874318999_)
2/23/2026, 4:18:43 PM,Pedro,Rodriguez,qa_1771874323266@gmail.com,Pass_1771874323266%*
2/23/2026, 4:18:49 PM,Elena,Garcia,qa_1771874329529@gmail.com,Pass_1771874329529+_
2/23/2026, 4:18:55 PM,Elena,Rodriguez,qa_1771874335160@gmail.com,Pass_1771874335160!$
2/23/2026, 4:19:00 PM,Juan,Martinez,qa_1771874340608@gmail.com,Pass_1771874340608#+
2/23/2026, 4:19:10 PM,Diego,Ramirez,qa_1771874350046@gmail.com,Pass_1771874350046+(
2/23/2026, 4:19:11 PM,Diego,Garcia,qa_1771874351624@gmail.com,Pass_1771874351624+)
2/23/2026, 4:19:13 PM,Pedro,Perez,qa_1771874353430@gmail.com,Pass_1771874353430@^
2/23/2026, 4:19:21 PM,Elena,Gonzalez,qa_1771874361363@gmail.com,Pass_1771874361363^%
2/23/2026, 4:19:34 PM,Sofia,Martinez,qa_1771874374023@gmail.com,Pass_1771874374023_%
2/23/2026, 4:19:36 PM,Luis,Fernandez,qa_1771874376515@gmail.com,Pass_1771874376515_$
2/23/2026, 4:19:41 PM,Carlos,Garcia,qa_1771874381095@gmail.com,Pass_1771874381095$^
2/23/2026, 4:19:46 PM,Luis,Rodriguez,qa_1771874386002@gmail.com,Pass_1771874386002@#
2/23/2026, 4:19:50 PM,Ana,Sanchez,qa_1771874390420@gmail.com,Pass_1771874390420!%
2/23/2026, 4:19:55 PM,Juan,Perez,qa_1771874395014@gmail.com,Pass_1771874395014&)
2/23/2026, 4:20:14 PM,Elena,Perez,qa_1771874414504@gmail.com,Pass_1771874414504*(
2/23/2026, 4:20:18 PM,Pedro,Sanchez,qa_1771874418197@gmail.com,Pass_1771874418197)$
2/23/2026, 4:20:25 PM,Diego,Martinez,qa_1771874425462@gmail.com,Pass_1771874425462($
2/23/2026, 4:20:25 PM,Lucia,Martinez,qa_1771874425589@gmail.com,Pass_1771874425589@)
2/23/2026, 4:20:36 PM,Sofia,Gonzalez,qa_1771874436832@gmail.com,Pass_1771874436832%)
2/23/2026, 4:20:42 PM,Diego,Rodriguez,qa_1771874442491@gmail.com,Pass_1771874442491%^
2/23/2026, 4:20:45 PM,Luis,Sanchez,qa_1771874445571@gmail.com,Pass_1771874445571*)
2/23/2026, 4:20:58 PM,Diego,Martinez,qa_1771874458333@gmail.com,Pass_1771874458333#&
2/23/2026, 4:20:59 PM,Maria,Fernandez,qa_1771874459901@gmail.com,Pass_1771874459901@#
2/23/2026, 4:21:06 PM,Maria,Perez,qa_1771874466165@gmail.com,Pass_1771874466165&_
2/23/2026, 4:21:25 PM,Pedro,Fernandez,qa_1771874485642@gmail.com,Pass_1771874485642)!
2/23/2026, 4:27:32 PM,Diego,Ramirez,qa_1771874852052@gmail.com,Pass_1771874852053+#
2/23/2026, 4:27:32 PM,Elena,Garcia,qa_1771874852934@gmail.com,Pass_1771874852934^_
2/23/2026, 4:27:32 PM,Carlos,Gonzalez,qa_1771874852936@gmail.com,Pass_1771874852936%^
2/23/2026, 4:27:44 PM,Ana,Fernandez,qa_1771874864048@gmail.com,Pass_1771874864048@&
2/23/2026, 4:27:49 PM,Carlos,Fernandez,qa_1771874869212@gmail.com,Pass_1771874869212^(
2/23/2026, 4:28:00 PM,Diego,Martinez,qa_1771874880926@gmail.com,Pass_1771874880926_#
2/23/2026, 4:28:11 PM,Ana,Sanchez,qa_1771874891340@gmail.com,Pass_1771874891340(!
2/23/2026, 4:28:21 PM,Sofia,Sanchez,qa_1771874901604@gmail.com,Pass_1771874901604^#
2/23/2026, 4:28:29 PM,Sofia,Garcia,qa_1771874909416@gmail.com,Pass_1771874909416^*
2/23/2026, 4:28:33 PM,Pedro,Gonzalez,qa_1771874913571@gmail.com,Pass_1771874913571#_
2/23/2026, 4:28:46 PM,Elena,Gonzalez,qa_1771874926816@gmail.com,Pass_1771874926816)_
2/23/2026, 4:28:52 PM,Maria,Martinez,qa_1771874932513@gmail.com,Pass_1771874932513(@
2/23/2026, 4:28:56 PM,Diego,Ramirez,qa_1771874936527@gmail.com,Pass_1771874936527$_
2/23/2026, 4:29:01 PM,Sofia,Rodriguez,qa_1771874941815@gmail.com,Pass_1771874941815_&
2/23/2026, 4:29:08 PM,Luis,Ramirez,qa_1771874948065@gmail.com,Pass_1771874948065$!
2/23/2026, 4:29:08 PM,Ana,Perez,qa_1771874948386@gmail.com,Pass_1771874948386*&
2/23/2026, 4:29:19 PM,Sofia,Hernandez,qa_1771874959557@gmail.com,Pass_1771874959557#!
2/23/2026, 4:29:22 PM,Sofia,Hernandez,qa_1771874962404@gmail.com,Pass_1771874962404!&
2/23/2026, 4:29:30 PM,Maria,Perez,qa_1771874970071@gmail.com,Pass_1771874970071#$
2/23/2026, 4:29:30 PM,Diego,Fernandez,qa_1771874970285@gmail.com,Pass_1771874970285&&
2/23/2026, 4:29:47 PM,Elena,Sanchez,qa_1771874987066@gmail.com,Pass_1771874987067@$
2/23/2026, 4:29:47 PM,Juan,Fernandez,qa_1771874987367@gmail.com,Pass_1771874987367+(
2/23/2026, 4:29:53 PM,Diego,Hernandez,qa_1771874993960@gmail.com,Pass_1771874993960@%
2/23/2026, 4:29:54 PM,Sofia,Sanchez,qa_1771874994065@gmail.com,Pass_1771874994065@_
2/23/2026, 4:30:01 PM,Maria,Lopez,qa_1771875001878@gmail.com,Pass_1771875001878)&
2/23/2026, 4:30:07 PM,Pedro,Perez,qa_1771875007095@gmail.com,Pass_1771875007095(&
2/23/2026, 4:30:24 PM,Sofia,Hernandez,qa_1771875024160@gmail.com,Pass_1771875024160#!
2/23/2026, 4:30:27 PM,Luis,Rodriguez,qa_1771875027144@gmail.com,Pass_1771875027144^_
2/23/2026, 4:30:32 PM,Sofia,Fernandez,qa_1771875032850@gmail.com,Pass_1771875032850@#
2/23/2026, 4:30:34 PM,Luis,Lopez,qa_1771875034865@gmail.com,Pass_1771875034865!$
2/23/2026, 4:30:48 PM,Juan,Gonzalez,qa_1771875048125@gmail.com,Pass_1771875048125(%
2/23/2026, 4:30:52 PM,Ana,Hernandez,qa_1771875052660@gmail.com,Pass_1771875052660&^
2/23/2026, 4:31:00 PM,Lucia,Perez,qa_1771875060719@gmail.com,Pass_1771875060719_!
2/23/2026, 4:31:08 PM,Juan,Gonzalez,qa_1771875068414@gmail.com,Pass_1771875068414_(
2/23/2026, 4:31:10 PM,Pedro,Martinez,qa_1771875069998@gmail.com,Pass_1771875069998^#
2/23/2026, 4:31:20 PM,Maria,Ramirez,qa_1771875080047@gmail.com,Pass_1771875080047!#
2/23/2026, 4:31:38 PM,Pedro,Ramirez,qa_1771875098079@gmail.com,Pass_1771875098079%$
2/23/2026, 4:37:07 PM,Carlos,Gonzalez,qa_1771875427675@gmail.com,Pass_1771875427675*%
2/23/2026, 4:37:07 PM,Juan,Martinez,qa_1771875427676@gmail.com,Pass_1771875427677$#
2/23/2026, 4:37:08 PM,Elena,Ramirez,qa_1771875428096@gmail.com,Pass_1771875428097$)
2/23/2026, 4:37:23 PM,Diego,Hernandez,qa_1771875443531@gmail.com,Pass_1771875443531$_
2/23/2026, 4:37:24 PM,Juan,Ramirez,qa_1771875444053@gmail.com,Pass_1771875444053(+
2/23/2026, 4:37:37 PM,Carlos,Sanchez,qa_1771875457182@gmail.com,Pass_1771875457182^(
2/23/2026, 4:37:41 PM,Elena,Garcia,qa_1771875461749@gmail.com,Pass_1771875461749(@
2/23/2026, 4:37:45 PM,Carlos,Sanchez,qa_1771875465192@gmail.com,Pass_1771875465192$*
2/23/2026, 4:38:00 PM,Luis,Ramirez,qa_1771875480669@gmail.com,Pass_1771875480669&^
2/23/2026, 4:38:02 PM,Sofia,Sanchez,qa_1771875482913@gmail.com,Pass_1771875482913@%
2/23/2026, 4:38:12 PM,Carlos,Fernandez,qa_1771875492832@gmail.com,Pass_1771875492832*&
2/23/2026, 4:38:18 PM,Diego,Hernandez,qa_1771875498592@gmail.com,Pass_1771875498592%)
2/23/2026, 4:38:19 PM,Lucia,Gonzalez,qa_1771875499332@gmail.com,Pass_1771875499332#%
2/23/2026, 4:38:27 PM,Lucia,Martinez,qa_1771875507479@gmail.com,Pass_1771875507479*@
2/23/2026, 4:38:31 PM,Pedro,Fernandez,qa_1771875511955@gmail.com,Pass_1771875511955+$
2/23/2026, 4:38:34 PM,Luis,Lopez,qa_1771875514548@gmail.com,Pass_1771875514548##
2/23/2026, 4:38:49 PM,Elena,Hernandez,qa_1771875529987@gmail.com,Pass_1771875529987_&
2/23/2026, 4:38:52 PM,Diego,Lopez,qa_1771875532410@gmail.com,Pass_1771875532410^$
2/23/2026, 4:38:55 PM,Diego,Hernandez,qa_1771875535186@gmail.com,Pass_1771875535186@$
2/23/2026, 4:38:57 PM,Diego,Sanchez,qa_1771875537458@gmail.com,Pass_1771875537458+@
2/23/2026, 4:39:13 PM,Diego,Garcia,qa_1771875553992@gmail.com,Pass_1771875553992$&
2/23/2026, 4:39:16 PM,Luis,Ramirez,qa_1771875556386@gmail.com,Pass_1771875556386^(
2/23/2026, 4:39:17 PM,Diego,Rodriguez,qa_1771875557298@gmail.com,Pass_1771875557298&_
2/23/2026, 4:39:22 PM,Luis,Ramirez,qa_1771875562641@gmail.com,Pass_1771875562641$)
2/23/2026, 4:39:30 PM,Ana,Hernandez,qa_1771875570407@gmail.com,Pass_1771875570407$^
2/23/2026, 4:39:34 PM,Carlos,Sanchez,qa_1771875574851@gmail.com,Pass_1771875574851@#
2/23/2026, 4:39:40 PM,Lucia,Garcia,qa_1771875580370@gmail.com,Pass_1771875580370%+
2/23/2026, 4:39:56 PM,Ana,Sanchez,qa_1771875596132@gmail.com,Pass_1771875596132!&
2/23/2026, 4:40:06 PM,Ana,Rodriguez,qa_1771875606732@gmail.com,Pass_1771875606732_*
2/23/2026, 4:40:06 PM,Diego,Martinez,qa_1771875606984@gmail.com,Pass_1771875606985((
2/23/2026, 4:40:06 PM,Elena,Garcia,qa_1771875606983@gmail.com,Pass_1771875606984#$
2/23/2026, 4:40:24 PM,Maria,Fernandez,qa_1771875624924@gmail.com,Pass_1771875624924&*
2/23/2026, 4:40:25 PM,Sofia,Lopez,qa_1771875625384@gmail.com,Pass_1771875625384(&
2/23/2026, 4:40:32 PM,Juan,Martinez,qa_1771875632331@gmail.com,Pass_1771875632331&+
2/23/2026, 4:40:40 PM,Lucia,Sanchez,qa_1771875640657@gmail.com,Pass_1771875640657_$
2/23/2026, 4:40:42 PM,Elena,Perez,qa_1771875642070@gmail.com,Pass_1771875642070$*
2/23/2026, 4:40:53 PM,Pedro,Perez,qa_1771875653910@gmail.com,Pass_1771875653910_#
2/23/2026, 4:41:11 PM,Maria,Rodriguez,qa_1771875671917@gmail.com,Pass_1771875671917@#
